<?xml version='1.0' encoding='UTF-8'?>
<?artifactRepository version='1.1.0'?>
<repository name='Bundle pool' type='org.eclipse.equinox.p2.artifact.repository.simpleRepository' version='1'>
  <properties size='2'>
    <property name='p2.system' value='true'/>
    <property name='p2.timestamp' value='1457962429092'/>
  </properties>
  <mappings size='3'>
    <rule filter='(&amp; (classifier=osgi.bundle))' output='${repoUrl}/plugins/${id}_${version}.jar'/>
    <rule filter='(&amp; (classifier=binary))' output='${repoUrl}/binary/${id}_${version}'/>
    <rule filter='(&amp; (classifier=org.eclipse.update.feature))' output='${repoUrl}/features/${id}_${version}.jar'/>
  </mappings>
  <artifacts size='37'>
    <artifact classifier='osgi.bundle' id='org.eclipse.equinox.p2.director' version='2.3.200.v20150423-1455'>
      <properties size='1'>
        <property name='download.size' value='103538'/>
      </properties>
    </artifact>
    <artifact classifier='osgi.bundle' id='org.eclipse.equinox.p2.publisher.eclipse' version='1.2.0.v20150601-1708'>
      <properties size='1'>
        <property name='download.size' value='227749'/>
      </properties>
    </artifact>
    <artifact classifier='osgi.bundle' id='org.sat4j.pb' version='2.3.5.v201404071733'>
      <properties size='1'>
        <property name='download.size' value='241956'/>
      </properties>
    </artifact>
    <artifact classifier='osgi.bundle' id='org.eclipse.equinox.ds' version='1.4.300.v20150423-1356'>
      <properties size='1'>
        <property name='download.size' value='195386'/>
      </properties>
    </artifact>
    <artifact classifier='osgi.bundle' id='org.eclipse.equinox.p2.repository' version='2.3.100.v20150428-1613'>
      <properties size='1'>
        <property name='download.size' value='131306'/>
      </properties>
    </artifact>
    <artifact classifier='osgi.bundle' id='org.eclipse.equinox.event' version='1.3.100.v20140115-1647'>
      <properties size='1'>
        <property name='download.size' value='32208'/>
      </properties>
    </artifact>
    <artifact classifier='osgi.bundle' id='org.eclipse.equinox.p2.core' version='2.4.0.v20150527-1706'>
      <properties size='1'>
        <property name='download.size' value='72151'/>
      </properties>
    </artifact>
    <artifact classifier='osgi.bundle' id='org.eclipse.equinox.p2.garbagecollector' version='1.0.200.v20131115-1210'>
      <properties size='1'>
        <property name='download.size' value='24899'/>
      </properties>
    </artifact>
    <artifact classifier='osgi.bundle' id='org.eclipse.equinox.p2.engine' version='2.4.0.v20150511-1532'>
      <properties size='1'>
        <property name='download.size' value='206409'/>
      </properties>
    </artifact>
    <artifact classifier='osgi.bundle' id='org.eclipse.equinox.preferences' version='3.5.300.v20150408-1437'>
      <properties size='1'>
        <property name='download.size' value='128409'/>
      </properties>
    </artifact>
    <artifact classifier='osgi.bundle' id='org.eclipse.equinox.p2.touchpoint.eclipse' version='2.1.300.v20150423-1455'>
      <properties size='1'>
        <property name='download.size' value='127671'/>
      </properties>
    </artifact>
    <artifact classifier='osgi.bundle' id='org.eclipse.equinox.p2.jarprocessor' version='1.0.400.v20150430-1836'>
      <properties size='1'>
        <property name='download.size' value='68216'/>
      </properties>
    </artifact>
    <artifact classifier='osgi.bundle' id='org.eclipse.osgi' version='3.10.102.v20160118-1700'>
      <properties size='1'>
        <property name='download.size' value='1307562'/>
      </properties>
    </artifact>
    <artifact classifier='osgi.bundle' id='org.eclipse.equinox.security' version='1.2.100.v20150423-1356'>
      <properties size='1'>
        <property name='download.size' value='108521'/>
      </properties>
    </artifact>
    <artifact classifier='osgi.bundle' id='org.eclipse.equinox.p2.extensionlocation' version='1.2.201.v20160129-0947'>
      <properties size='1'>
        <property name='download.size' value='36195'/>
      </properties>
    </artifact>
    <artifact classifier='osgi.bundle' id='org.eclipse.equinox.p2.reconciler.dropins' version='1.1.300.v20150423-1455'>
      <properties size='1'>
        <property name='download.size' value='48208'/>
      </properties>
    </artifact>
    <artifact classifier='osgi.bundle' id='org.eclipse.core.runtime' version='3.11.1.v20150903-1804'>
      <properties size='1'>
        <property name='download.size' value='78761'/>
      </properties>
    </artifact>
    <artifact classifier='osgi.bundle' id='org.eclipse.equinox.p2.metadata' version='2.3.0.v20150511-1532'>
      <properties size='1'>
        <property name='download.size' value='342378'/>
      </properties>
    </artifact>
    <artifact classifier='osgi.bundle' id='org.eclipse.core.contenttype' version='3.5.0.v20150421-2214'>
      <properties size='1'>
        <property name='download.size' value='99045'/>
      </properties>
    </artifact>
    <artifact classifier='osgi.bundle' id='org.sat4j.core' version='2.3.5.v201308161310'>
      <properties size='1'>
        <property name='download.size' value='362968'/>
      </properties>
    </artifact>
    <artifact classifier='osgi.bundle' id='org.eclipse.osgi.services' version='3.5.0.v20150519-2006'>
      <properties size='1'>
        <property name='download.size' value='109715'/>
      </properties>
    </artifact>
    <artifact classifier='osgi.bundle' id='org.eclipse.equinox.p2.publisher' version='1.4.0.v20141117-0929'>
      <properties size='1'>
        <property name='download.size' value='95337'/>
      </properties>
    </artifact>
    <artifact classifier='osgi.bundle' id='org.eclipse.equinox.launcher.win32.win32.x86_64' version='1.1.300.v20150602-1417'>
      <properties size='1'>
        <property name='download.size' value='29260'/>
      </properties>
      <repositoryProperties size='1'>
        <property name='artifact.folder' value='true'/>
      </repositoryProperties>
    </artifact>
    <artifact classifier='osgi.bundle' id='org.eclipse.equinox.launcher' version='1.3.100.v20150511-1540'>
      <properties size='1'>
        <property name='download.size' value='50365'/>
      </properties>
    </artifact>
    <artifact classifier='osgi.bundle' id='org.eclipse.equinox.p2.directorywatcher' version='1.1.100.v20150423-1455'>
      <properties size='1'>
        <property name='download.size' value='32863'/>
      </properties>
    </artifact>
    <artifact classifier='osgi.bundle' id='org.eclipse.equinox.frameworkadmin' version='2.0.200.v20150423-1455'>
      <properties size='1'>
        <property name='download.size' value='36167'/>
      </properties>
    </artifact>
    <artifact classifier='osgi.bundle' id='org.eclipse.equinox.p2.metadata.repository' version='1.2.200.v20150428-1613'>
      <properties size='1'>
        <property name='download.size' value='118253'/>
      </properties>
    </artifact>
    <artifact classifier='osgi.bundle' id='org.eclipse.equinox.app' version='1.3.300.v20150423-1356'>
      <properties size='1'>
        <property name='download.size' value='86482'/>
      </properties>
    </artifact>
    <artifact classifier='osgi.bundle' id='org.eclipse.equinox.p2.artifact.repository' version='1.1.400.v20150513-2116'>
      <properties size='1'>
        <property name='download.size' value='139697'/>
      </properties>
    </artifact>
    <artifact classifier='osgi.bundle' id='org.eclipse.core.jobs' version='3.7.0.v20150330-2103'>
      <properties size='1'>
        <property name='download.size' value='106979'/>
      </properties>
    </artifact>
    <artifact classifier='osgi.bundle' id='org.tukaani.xz' version='1.3.0.v201308270617'>
      <properties size='1'>
        <property name='download.size' value='109753'/>
      </properties>
    </artifact>
    <artifact classifier='osgi.bundle' id='org.eclipse.equinox.simpleconfigurator.manipulator' version='2.0.100.v20150423-1455'>
      <properties size='1'>
        <property name='download.size' value='25182'/>
      </properties>
    </artifact>
    <artifact classifier='osgi.bundle' id='org.eclipse.equinox.common' version='3.7.0.v20150402-1709'>
      <properties size='1'>
        <property name='download.size' value='111495'/>
      </properties>
    </artifact>
    <artifact classifier='osgi.bundle' id='org.eclipse.equinox.simpleconfigurator' version='1.1.100.v20150423-1455'>
      <properties size='1'>
        <property name='download.size' value='43099'/>
      </properties>
    </artifact>
    <artifact classifier='osgi.bundle' id='org.eclipse.equinox.registry' version='3.6.0.v20150318-1503'>
      <properties size='1'>
        <property name='download.size' value='182901'/>
      </properties>
    </artifact>
    <artifact classifier='osgi.bundle' id='org.eclipse.equinox.util' version='1.0.500.v20130404-1337'>
      <properties size='1'>
        <property name='download.size' value='77626'/>
      </properties>
    </artifact>
    <artifact classifier='osgi.bundle' id='org.eclipse.equinox.frameworkadmin.equinox' version='1.0.600.v20150522-2234'>
      <properties size='1'>
        <property name='download.size' value='63562'/>
      </properties>
    </artifact>
  </artifacts>
</repository>
